timee,timee,timee,B线润叶加水流量 ,B线润叶回风温度蒸汽阀开度,B线润叶注入蒸汽流量,B线润叶前温度仪实际值, B线润叶回风温度,,B线加料入口蒸汽阀门开度,叶片B线TBL注入蒸汽流量实际值,B线加料加水瞬时流量,叶片B加料机出口温度[℃],,燃烧炉出口工艺气温度实际值,风选出口水分仪水分实际值
2021/1/19 11:19,2021/1/19 12:45,2021/1/18 21:40,282.1480408,37.86562729,356.8424683,13.85995293,59.48884964,,37.83335495,357.1402283,6.118939877,44.77430344,,160.7093353,-0.636869669
2021/1/19 11:20,2021/1/19 12:46,2021/1/18 21:41,281.8987427,37.86562729,356.2027588,13.97569466,59.48455811,,37.83335495,357.1678772,6.030930042,45.12152863,,160.8425293,-0.636869669
2021/1/19 11:21,2021/1/19 12:47,2021/1/18 21:42,282.1262512,37.86562729,355.5766907,14.00463009,59.47889328,,37.83335495,356.6428528,5.929947853,44.81481552,,160.9452667,-0.636869669
2021/1/19 11:22,2021/1/19 12:48,2021/1/18 21:43,281.8983459,37.86562729,355.0704041,14.09143543,59.4774704,,37.89466095,355.074707,5.956357956,45.08102036,,160.9031067,-0.636869669
2021/1/19 11:23,2021/1/19 12:49,2021/1/18 21:44,281.8291321,37.86562729,354.4298401,14.09143543,59.47295761,,37.89466095,355.4335938,6.136081219,44.90740967,,160.7601929,-0.636869669
2021/1/19 11:24,2021/1/19 12:50,2021/1/18 21:45,281.8891602,38,354.5414734,13.68634224,59.46194458,,37.89466095,355.7422485,6.075293064,44.72222137,,160.6077118,-0.636869669
2021/1/19 11:25,2021/1/19 12:51,2021/1/18 21:46,281.6723633,38,354.9223633,14.26504707,59.44200134,,37.89466095,355.0469666,5.998293877,44.98263931,,160.5102081,-0.636237264
2021/1/19 11:26,2021/1/19 12:52,2021/1/18 21:48,281.8811646,38,354.6959839,14.26504707,59.42156219,,37.89466095,354.2283936,6.066781044,45.04050827,,160.5825043,-0.636191607
2021/1/19 11:27,2021/1/19 12:53,2021/1/18 21:49,282.1520386,38,355.7903748,14.12036991,59.41550064,,37.89466095,354.2781067,6.030038834,44.94213104,,160.6856232,-0.636570454
2021/1/19 11:28,2021/1/19 12:54,2021/1/18 21:50,282.0549927,38,356.7135925,14.32291698,59.41007996,,38,354.9930725,6.018240929,45.08680344,,160.6989441,-0.634634674
2021/1/19 11:29,2021/1/19 12:55,2021/1/18 21:51,282.2810364,38,356.5964355,14.09143543,59.40797043,,38,355.8817139,6.158572197,44.56018448,,160.6097412,-0.635777831
2021/1/19 11:30,2021/1/19 12:56,2021/1/19 16:48,282.6124878,38,356.9603577,14.0625,59.40631866,,38,355.8312378,6.162327766,45.28356552,,161.2917633,-0.631582558
2021/1/19 11:31,2021/1/19 12:57,2021/1/19 16:49,282.1584167,38,356.7424316,13.62847233,59.40520096,,38,355.4114075,5.943902969,44.86111069,,161.3822174,-0.631958842
2021/1/19 11:32,2021/1/19 12:58,2021/1/19 16:50,281.9730225,38,356.0413818,14.23611069,59.40476227,,38,355.6233215,6.18528986,44.7106514,,161.3995972,-0.631779134
2021/1/19 11:33,2021/1/19 12:59,2021/1/19 16:51,282.5145874,38,356.0756226,13.91782475,59.4043808,,38,355.591156,6.183625221,44.63541412,,161.4003906,-0.63163048
2021/1/19 11:35,2021/1/19 13:00,2021/1/19 16:53,282.3301392,38,357.6699524,14.17823982,59.40533066,,38,354.5531921,6.015296936,44.6875,,161.354126,-0.631578565
2021/1/19 11:36,2021/1/19 13:01,2021/1/19 16:54,282.1722107,37.9814682,358.0654602,14.35185242,59.39691162,,38,355.1618652,5.928968906,44.45022964,,161.2342834,-0.631578565
2021/1/19 11:37,2021/1/19 13:02,2021/1/19 16:55,282.683136,37.9814682,358.0982971,14.26504707,59.38054276,,38,356.1066895,5.009487152,45.06365967,,161.103775,-0.631578565
2021/1/19 11:38,2021/1/19 13:03,2021/1/19 16:56,281.511261,37.9814682,357.8424377,14.12036991,59.36642456,,38,356.3544006,3.396006107,44.62963104,,161.0998077,-0.631578565
2021/1/19 11:39,2021/1/19 13:04,2021/1/19 16:57,282.0114746,37.9814682,357.9326782,14.20717525,59.35942459,,38,357.213623,2.727318048,44.98842621,,161.0998077,-0.631578565
2021/1/19 11:40,2021/1/19 13:05,2021/1/19 16:58,281.4176331,37.9814682,357.8062134,14.23611069,59.35316086,,38,358.577179,3.765408993,44.87268448,,161.1957092,-0.631578565
2021/1/19 11:41,2021/1/19 13:06,2021/1/19 16:59,281.574585,37.9814682,357.6021729,14.14930534,59.3478241,,37.81771469,358.1614685,3.532697916,45.47454071,,161.1992188,-0.631578565
2021/1/19 12:28,2021/1/19 13:50,2021/1/19 17:49,281.6004944,38,354.9145203,14.23611069,59.46561813,,37.86994553,357.4170837,-7.655228138,45.17361069,,156.3186951,-0.631589353
2021/1/19 12:30,2021/1/19 13:52,2021/1/19 17:51,281.9979553,37.96407318,354.0079346,14.17823982,59.47947311,,37.86994553,354.7756653,7.852766991,44.64699173,,156.1997986,-0.631584644
2021/1/19 12:31,2021/1/19 13:53,2021/1/19 17:52,281.9324646,37.96407318,354.4825745,14.12036991,59.4862442,,37.86994553,354.2583618,8.233699799,44.78009033,,156.1994171,-0.631584644
2021/1/19 12:32,2021/1/19 13:54,2021/1/19 17:53,281.7035828,37.96407318,355.0354919,14.3807869,59.50190735,,37.92338181,354.1812439,5.56430912,44.27083588,,156.2404175,-0.631584644
2021/1/19 12:33,2021/1/19 13:55,2021/1/19 17:54,282.1535339,37.96407318,355.1144409,14.49652767,59.51702499,,37.92338181,353.6239014,4.754271984,44.8669014,,156.3538513,-0.631862044
2021/1/19 12:34,2021/1/19 13:56,2021/1/19 17:56,282.2625122,37.96407318,355.2520142,14.00463009,59.53545761,,37.92338181,353.7061462,4.438725948,44.49652863,,156.6990204,-0.631834805
2021/1/19 12:35,2021/1/19 13:57,2021/1/19 17:57,282.143158,37.96407318,355.242981,14.00463009,59.55269241,,37.92338181,354.984436,4.045815945,44.73958588,,156.7034149,-0.632029772
2021/1/19 12:36,2021/1/19 13:58,2021/1/19 17:58,282.2380676,37.93352127,355.3244629,13.80208302,59.56413651,,37.92338181,355.5732727,3.399483919,44.40393448,,156.6994171,-0.632052243
2021/1/19 12:37,2021/1/19 13:59,2021/1/19 17:59,282.450531,37.93352127,355.6244202,13.97569466,59.58396912,,37.92338181,354.7302246,3.730958939,44.28240967,,156.7017822,-0.631758213
2021/1/19 12:38,2021/1/19 14:00,2021/1/19 18:00,282.1452637,37.93352127,356.2282715,13.68634224,59.59431839,,37.90008163,355.2494812,3.921881914,44.73958588,,156.8777771,-0.631615818
2021/1/19 12:39,2021/1/19 14:01,2021/1/19 18:01,281.9817505,37.93352127,356.7658997,14.20717525,59.61186218,,37.90008163,355.4004822,3.676760912,44.80324173,,157.0946045,-0.631583273
2021/1/19 12:31,2021/1/19 14:02,2021/1/19 18:02,281.9324646,37.96407318,354.4825745,14.12036991,59.4862442,,37.90008163,355.1697083,3.362633944,44.72222137,,157.2656708,-0.631890833
2021/1/19 12:32,2021/1/19 14:03,2021/1/19 18:03,281.7035828,37.96407318,355.0354919,14.3807869,59.50190735,,37.90008163,354.7220154,3.291376114,45.11574173,,157.2994995,-0.631732643
2021/1/19 12:34,2021/1/19 14:04,2021/1/19 18:05,282.2625122,37.96407318,355.2520142,14.00463009,59.53545761,,37.90008163,354.7839355,2.874315977,44.57175827,,157.4652863,-0.631585419
2021/1/19 12:35,2021/1/19 14:05,2021/1/19 18:06,282.143158,37.96407318,355.242981,14.00463009,59.55269241,,37.90008163,355.0131226,2.762991905,44.31134033,,157.5570068,-0.631580591
2021/1/19 12:36,2021/1/19 14:06,2021/1/19 18:07,282.2380676,37.93352127,355.3244629,13.80208302,59.56413651,,37.78646469,355.9921875,2.566895008,45.03472137,,157.7318878,-0.631580591
2021/1/19 12:37,2021/1/19 14:07,2021/1/19 18:08,282.450531,37.93352127,355.6244202,13.97569466,59.58396912,,37.78646469,355.447876,3.322635889,44.89583588,,157.8729553,-0.631580591
2021/1/19 12:38,2021/1/19 14:08,2021/1/19 18:09,282.1452637,37.93352127,356.2282715,13.68634224,59.59431839,,37.78646469,356.0409851,3.023767948,44.92477036,,157.900116,-0.631580591
2021/1/19 12:39,2021/1/19 14:09,2021/1/19 18:10,281.9817505,37.93352127,356.7658997,14.20717525,59.61186218,,37.78646469,356.9453125,3.396614075,44.9768486,,157.9003906,-0.631580591
2021/1/19 12:40,2021/1/19 14:10,2021/1/19 18:11,281.9429932,37.93352127,356.6366577,14.12036991,59.6314621,,37.78646469,357.9133606,3.239900112,45.20833588,,157.9003906,-0.631580591
2021/1/19 12:41,2021/1/19 14:11,2021/1/19 18:12,282.2977295,37.93352127,357.4618225,13.80208302,59.64277649,,37.78646469,358.6162109,3.061774969,45.09259033,,157.9698792,-0.631580591
2021/1/19 12:42,2021/1/19 14:12,2021/1/19 18:14,282.0048218,37.83335495,357.104126,14.0625,59.65117645,,37.78740692,358.6479797,3.212619066,45.13888931,,158.2883148,-0.631580591
2021/1/19 12:43,2021/1/19 14:13,2021/1/19 18:15,282.2639771,37.83335495,356.3188171,14.17823982,59.65859985,,37.78740692,358.7859802,3.261784077,45.23727036,,158.3133545,-0.631580591
2021/1/19 12:44,2021/1/19 14:14,2021/1/19 18:16,281.5667419,37.83335495,357.0751953,14.12036991,59.6786499,,37.78740692,359.5635986,2.878612041,45,,158.4089966,-0.631580591
2021/1/19 12:45,2021/1/19 14:15,2021/1/19 18:17,281.4917603,37.83335495,357.1402283,14.12036991,59.69652557,,37.78740692,359.9443054,2.961973906,44.85532379,,158.6065063,-0.631580591
2021/1/19 12:46,2021/1/19 14:16,2021/1/19 18:18,282.1464844,37.83335495,357.1678772,14.00463009,59.72022629,,37.78740692,359.6221008,3.02158308,45.45717621,,158.8740692,-0.63188374
2021/1/19 12:47,2021/1/19 14:17,2021/1/19 18:19,282.5419922,37.83335495,356.6428528,13.97569466,59.73086166,,37.78740692,359.7688904,2.733129978,45.27777863,,159.0836334,-0.631696165
2021/1/19 12:48,2021/1/19 14:18,2021/1/19 18:20,282.4914246,37.89466095,355.074707,14.26504707,59.74297333,,37.85097504,359.4593506,3.116205931,45.09838104,,159.1907959,-0.632307529
2021/1/19 12:49,2021/1/19 14:19,2021/1/19 18:21,281.9093933,37.89466095,355.4335938,13.5995369,59.75780487,,37.85097504,359.4776917,3.128561974,45.15625,,159.1992645,-0.631888151
2021/1/19 12:51,2021/1/19 14:20,2021/1/19 18:23,281.5727234,37.89466095,355.0469666,14.14930534,59.79117584,,37.85097504,358.8758545,3.009227991,44.74536896,,159.3287354,-0.631596625
2021/1/19 12:52,2021/1/19 14:21,2021/1/19 18:24,281.9333496,37.89466095,354.2283936,14.20717525,59.79848862,,37.85097504,358.1937866,2.917402029,44.72800827,,159.5355835,-0.631580532
2021/1/19 12:53,2021/1/19 14:22,2021/1/19 18:25,282.1861267,37.89466095,354.2781067,14.12036991,59.77910614,,37.85097504,357.1619568,3.043005943,44.6875,,159.7533875,-0.631580591
2021/1/19 12:54,2021/1/19 14:23,2021/1/19 18:26,281.6218567,38,354.9930725,13.71527767,59.78100586,,37.85097504,356.6407776,2.992441893,44.87847137,,160.0218811,-0.631580591
2021/1/19 12:55,2021/1/19 14:24,2021/1/19 18:27,282.0932617,38,355.8817139,14.17823982,59.77495575,,37.84845734,355.9472351,3.010037899,44.78009033,,160.0965881,-0.631580591
2021/1/19 13:16,2021/1/19 14:44,2021/1/19 18:50,281.8340149,37.82943344,355.3401184,14.00463009,59.71094894,,37.57076645,262.5562744,4.405535221,45.48611069,,161.3007813,-0.632237792
2021/1/19 13:17,2021/1/19 14:45,2021/1/19 18:51,281.4405823,37.82943344,356.057251,14.20717525,59.69977951,,37.57076645,261.7148743,-5.629896164,45.57291412,,161.2668304,-0.633545876
2021/1/19 13:19,2021/1/19 14:44,2021/1/19 18:53,281.8391113,37.86040115,354.6096497,14.14930534,59.70661926,,37.57076645,262.5562744,4.405535221,45.48611069,,161.1994171,-0.633729219
2021/1/19 13:20,2021/1/19 14:45,2021/1/19 18:54,282.1580811,37.86040115,354.736908,14.26504707,59.69487381,,37.57076645,261.7148743,-5.629896164,45.57291412,,161.1321259,-0.633210123
2021/1/19 13:22,2021/1/19 14:47,2021/1/19 18:56,281.8521118,37.86040115,356.1447144,14.12036991,59.67926407,,37.57076645,259.5375671,11.87063026,45.35879517,,160.7555237,-0.631895065
2021/1/19 13:23,2021/1/19 14:48,2021/1/19 18:57,282.1264648,37.86040115,356.5284119,14.20717525,59.67913818,,37.64333725,258.5286255,5.449266911,45.27777863,,160.6094208,-0.631973505
2021/1/19 13:25,2021/1/19 14:49,2021/1/19 18:59,282.5041504,37.73402405,355.7285461,14.3807869,59.67746735,,37.64333725,258.5670471,4.473174095,45.03472137,,160.6974182,-0.632043958
2021/1/19 13:26,2021/1/19 14:50,2021/1/19 19:00,281.7556152,37.73402405,354.9786682,13.62847233,59.67894363,,37.64333725,258.0104065,4.899140835,45.09259033,,160.692337,-0.632056415
2021/1/19 13:27,2021/1/19 14:51,2021/1/19 19:01,281.7832642,37.73402405,355.8088379,13.57060242,59.67782593,,37.64333725,257.0077515,4.502615929,45.24305344,,160.5133972,-0.631792963
2021/1/19 13:28,2021/1/19 14:52,2021/1/19 19:02,281.822876,37.73402405,356.4351196,14.20717525,59.67790604,,37.64333725,256.5325012,5.480391979,44.9768486,,160.2469025,-0.631937027
2021/1/19 13:29,2021/1/19 14:53,2021/1/19 19:03,281.6834717,37.73402405,355.8952637,14.26504707,59.68276978,,37.64333725,256.96698,5.783177853,45.04050827,,160.1485443,-0.632324934
2021/1/19 13:30,2021/1/19 14:54,2021/1/19 19:04,282.1203613,37.74917221,355.7790222,14.20717525,59.67972565,,37.582901,257.8329468,6.254126072,44.70486069,,160.1008759,-0.632090867
2021/1/19 13:31,2021/1/19 14:55,2021/1/19 19:30,281.905304,37.74917221,355.4872131,14.09143543,59.67978668,,37.582901,258.6736145,5.655124187,44.65277863,,157.5126495,-0.634453893
2021/1/19 13:32,2021/1/19 14:56,2021/1/19 19:31,281.9959412,37.74917221,356.6350098,14.17823982,59.67796326,,37.582901,259.0062561,6.269144058,44.93055344,,157.4034271,-0.63346374
2021/1/19 13:33,2021/1/19 14:57,2021/1/19 19:33,281.7805176,37.74917221,356.0756836,14.26504707,59.67328262,,37.582901,259.4191589,5.983751774,45.08102036,,157.400589,-0.632594645
2021/1/19 13:34,2021/1/19 14:58,2021/1/19 19:34,282.2585754,37.74917221,355.7450562,14.14930534,59.66791153,,37.582901,259.5878296,6.046057224,44.77430344,,157.3225098,-0.633322954
2021/1/19 13:35,2021/1/19 14:59,2021/1/19 19:35,282.2625427,37.74917221,355.1281738,13.65740776,59.65123749,,37.582901,259.3766174,5.771410942,44.82638931,,157.1461334,-0.632349432
2021/1/19 13:36,2021/1/19 15:00,2021/1/19 19:36,281.9741821,37.74369049,355.0284424,14.29398251,59.63576126,,37.50689316,258.565094,6.026989937,44.76272964,,156.9548187,-0.63183254
2021/1/19 13:37,2021/1/19 15:01,2021/1/19 19:37,281.828064,37.74369049,355.5420227,14.20717525,59.63353729,,37.50689316,258.7511902,6.211865902,45.43402863,,156.7065125,-0.631637931
2021/1/19 13:38,2021/1/19 15:02,2021/1/19 19:38,282.1467896,37.74369049,355.5427856,14.23611069,59.63430023,,37.50689316,259.04599,6.166255951,45.08680344,,156.6019592,-0.631593525
2021/1/19 13:39,2021/1/19 15:03,2021/1/19 19:39,281.3732605,37.74369049,355.7223511,14.55439758,59.62298203,,37.50689316,259.2420654,6.229094028,45,,156.5033112,-0.631849647
2021/1/19 13:40,2021/1/19 15:04,2021/1/19 19:40,282.0706787,37.74369049,355.6019592,14.29398251,59.61990738,,37.50689316,259.6430664,6.062808037,44.82638931,,156.5001984,-0.631658077
2021/1/19 13:42,2021/1/19 15:05,2021/1/19 19:42,281.7805786,37.71035767,356.9934387,13.62847233,59.62079239,,37.50689316,260.5227661,5.919992924,45.52661896,,156.5001984,-0.631601036
2021/1/19 13:43,2021/1/19 15:06,2021/1/19 19:43,281.578064,37.71035767,357.2812805,14.03356457,59.62530136,,37.46780014,261.0504456,6.155379772,45.49768448,,156.5798187,-0.631882429
2021/1/19 13:44,2021/1/19 15:07,2021/1/19 19:44,282.1203003,37.71035767,357.8532104,14.26504707,59.62878036,,37.46780014,260.7406311,5.611351967,45.20254517,,156.5996552,-0.632246256
2021/1/19 13:45,2021/1/19 15:08,2021/1/19 19:45,281.8114014,37.71035767,358.7220154,14.20717525,59.63149261,,37.46780014,260.5189819,4.811386108,45.4455986,,156.5996094,-0.63199383
2021/1/19 13:46,2021/1/19 15:09,2021/1/19 19:46,281.5999756,37.71035767,358.5762939,14.26504707,59.62548828,,37.46780014,259.8762817,3.806448936,45.06365967,,156.5996094,-0.631691158
2021/1/19 13:47,2021/1/19 15:10,2021/1/19 19:47,282.4020691,37.71035767,358.9537964,14.00463009,59.61895752,,37.46780014,259.6704407,3.370316029,45.63079071,,156.6427917,-0.631897032
2021/1/19 13:48,2021/1/19 15:11,2021/1/19 19:48,281.7286072,37.86994553,358.3108521,14.26504707,59.61310577,,37.46780014,259.059967,3.442430973,45.61920929,,156.7201996,-0.631725609
2021/1/19 13:49,2021/1/19 15:12,2021/1/19 19:49,282.2535706,37.86994553,357.5758362,14.29398251,59.61328888,,37.54924774,258.4997559,3.387727976,45.67129517,,156.7996216,-0.631613851
2021/1/19 13:50,2021/1/19 15:13,2021/1/19 19:51,281.4485474,37.86994553,357.4170837,14.17823982,59.6155014,,37.54924774,258.7333984,3.02462101,45.71180344,,156.9703979,-0.631578565
2021/1/19 13:51,2021/1/19 15:14,2021/1/19 19:52,282.1318665,37.86994553,356.57901,13.62847233,59.61180496,,37.54924774,258.2651672,2.858103037,45.69444656,,157.2107086,-0.632506609
2021/1/19 13:52,2021/1/19 15:15,2021/1/19 19:53,282.0159607,37.86994553,354.7756653,14.12036991,59.61286926,,37.54924774,258.2033691,2.550235987,45.85647964,,157.4029846,-0.632159412
2021/1/19 13:53,2021/1/19 15:16,2021/1/19 19:54,282.6924438,37.86994553,354.2583618,14.26504707,59.60987473,,37.54924774,257.8586121,3.111630917,45.67708588,,157.4980164,-0.632110953
2021/1/19 13:54,2021/1/19 15:17,2021/1/19 19:55,282.0982361,37.92338181,354.1812439,13.7442131,59.60870743,,37.54924774,258.0976257,2.997353077,45.42824173,,157.5059814,-0.632480979
2021/1/19 13:55,2021/1/19 15:18,2021/1/19 19:56,281.6914673,37.92338181,353.6239014,14.26504707,59.6076622,,37.40802383,257.1524658,3.678715944,45.6481514,,157.5140381,-0.632548928
2021/1/19 13:56,2021/1/19 15:19,2021/1/19 19:57,281.5791931,37.92338181,353.7061462,14.12036991,59.60717392,,37.40802383,256.6891174,3.151302099,44.94791412,,157.5005798,-0.632269979
2021/1/19 13:57,2021/1/19 15:20,2021/1/19 19:58,282.119812,37.92338181,354.984436,14.3807869,59.60904312,,37.40802383,256.4474182,2.827824116,45.43981552,,157.5858765,-0.63186419
2021/1/19 13:59,2021/1/19 15:21,2021/1/19 20:00,282.6588135,37.92338181,354.7302246,13.97569466,59.60891342,,37.40802383,257.127655,3.388370991,45.45717621,,157.7965698,-0.631601334
2021/1/19 14:00,2021/1/19 15:22,2021/1/19 20:01,282.3034363,37.90008163,355.2494812,13.80208302,59.60777664,,37.40802383,257.946991,3.885282993,45.08680344,,158.0117645,-0.631576002
2021/1/19 14:01,2021/1/19 15:23,2021/1/19 20:02,281.5787048,37.90008163,355.4004822,13.83101749,59.59949493,,37.40802383,189.5769348,4.098128796,45.1794014,,158.1982574,-0.631576598
2021/1/19 14:02,2021/1/19 15:24,2021/1/19 20:03,281.3118286,37.90008163,355.1697083,14.20717525,59.5892067,,37.31404114,117.6399002,3.810596943,45.1794014,,158.3686371,-0.631576598
2021/1/19 14:03,2021/1/19 15:25,2021/1/19 20:04,281.6675415,37.90008163,354.7220154,14.09143543,59.58519363,,37.31404114,61.47412872,3.07211709,45.12731552,,158.3917999,-0.631576598
2021/1/19 14:04,2021/1/19 15:26,2021/1/19 20:05,282.1419373,37.90008163,354.7839355,14.03356457,59.57021332,,37.31404114,31.87340546,3.155303001,45.37615967,,158.4004364,-0.631576598
2021/1/19 14:05,2021/1/19 15:27,2021/1/19 20:06,282.9152832,37.90008163,355.0131226,14.14930534,59.56559372,,37.31404114,16.64610291,3.292614937,45.36458588,,158.4466248,-0.631576598
2021/1/19 14:06,2021/1/19 15:28,2021/1/19 20:07,282.2484131,37.78646469,355.9921875,13.85995293,59.56475449,,37.31404114,8.835882187,2.963756084,45.18518448,,158.5000916,-0.631576598
2021/1/19 14:07,2021/1/19 15:29,2021/1/19 20:09,281.4845886,37.78646469,355.447876,13.97569466,59.57075119,,37.31404114,4.829951763,2.972074032,45.2893486,,158.7671356,-0.633540273
2021/1/19 14:08,2021/1/19 15:30,2021/1/19 20:10,282.2154236,37.78646469,356.0409851,13.62847233,59.56718063,,37.25436401,2.775274277,3.041049957,45.28356552,,158.9586945,-0.632673264
2021/1/19 14:09,2021/1/19 15:31,2021/1/19 20:11,281.6817627,37.78646469,356.9453125,14.12036991,59.57142639,,37.25436401,1.721411705,2.792783022,45.65972137,,159.2227478,-0.633961201
2021/1/19 14:10,2021/1/19 15:32,2021/1/19 20:12,281.0700684,37.78646469,357.9133606,13.91782475,59.57393265,,37.25436401,1.180875897,3.117841005,45.74074173,,159.5235291,-0.633557975
2021/1/19 14:11,2021/1/19 15:33,2021/1/19 20:13,282.8976135,37.78646469,358.6162109,14.29398251,59.56732941,,37.25436401,0.945336103,3.533363104,45.43981552,,159.7606049,-0.634108961
2021/1/19 14:12,2021/1/19 15:34,2021/1/19 20:14,281.8694458,37.78740692,358.6479797,14.67013931,59.5585556,,37.25436401,0.761428595,3.213442087,45.87384033,,159.7994385,-0.633886814
2021/1/19 14:13,2021/1/19 15:35,2021/1/19 20:15,281.8078003,37.78740692,358.7859802,14.26504707,59.55513763,,37.25436401,0.68849206,3.208338022,45.87963104,,159.8303833,-0.634084344
2021/1/19 14:14,2021/1/19 15:36,2021/1/19 20:16,281.9824524,37.78740692,359.5635986,14.26504707,59.54918289,,37.07366562,0.656709909,3.038872004,45.8044014,,159.9469299,-0.633853912
2021/1/19 14:16,2021/1/19 15:37,2021/1/19 20:18,281.8177185,37.78740692,359.6221008,14.32291698,59.54620743,,37.07366562,0.631894588,2.646406889,45.9143486,,160.4138947,-0.634580374
2021/1/19 14:17,2021/1/19 15:38,2021/1/19 20:19,281.9874573,37.78740692,359.7688904,14.29398251,59.54232407,,37.07366562,0.623533487,2.601383924,46.04745483,,160.6308441,-0.633542061
2021/1/19 14:18,2021/1/19 15:39,2021/1/19 20:20,281.7424316,37.85097504,359.4593506,14.26504707,59.53742599,,37.07366562,0.61700511,3.066795111,45.6018486,,160.8109894,-0.634578288
2021/1/19 14:19,2021/1/19 15:40,2021/1/19 20:21,281.9714355,37.85097504,359.4776917,14.35185242,59.53717041,,37.07366562,0.61480546,3.340301037,45.89120483,,160.8959503,-0.633822381
2021/1/19 14:20,2021/1/19 15:41,2021/1/19 20:22,281.7355042,37.85097504,358.8758545,14.46759224,59.53899384,,37.07366562,0.613088012,3.127130032,45.82175827,,161.0166473,-0.634728193
2021/1/19 14:21,2021/1/19 15:42,2021/1/19 20:23,281.568512,37.85097504,358.1937866,14.32291698,59.53855515,,37.00913239,0.612406969,3.372590065,45.82754517,,161.0951233,-0.634819388
2021/1/20 9:47,2021/1/19 16:09,2021/1/19 20:54,154.3633575,34,278.6792603,15.74073982,55.03982544,,36.68738556,0.611690164,-5.881000042,45.6018486,,159.8843536,-0.632034063
2021/1/20 9:48,2021/1/19 16:10,2021/1/19 20:55,153.7744446,34,279.5374756,15.625,55.03806686,,36.68738556,0.611690164,7.343401909,45.68286896,,159.749939,-0.631704092
2021/1/20 9:49,2021/1/19 16:11,2021/1/19 20:56,153.5137177,34,280.2790833,15.1620369,55.03460693,,36.68738556,0.611690164,8.344736099,45.71180344,,159.5460052,-0.632194638
2021/1/20 9:50,2021/1/19 16:12,2021/1/19 20:57,154.049881,34,280.6238403,15.45138931,55.03465652,,36.68386459,0.611690164,6.442633152,45.59606552,,159.4123535,-0.631869853
2021/1/20 9:51,2021/1/19 16:13,2021/1/19 20:58,153.8209991,34,280.9136963,15.48032475,55.0346756,,36.68386459,0.611690164,5.544417858,45.82175827,,159.2498779,-0.631649435
2021/1/20 9:52,2021/1/19 16:14,2021/1/19 20:59,153.1876526,34,280.819458,15.10416698,55.03675079,,36.68386459,0.611690164,5.43957901,45.27199173,,159.155426,-0.631593168
2021/1/20 9:53,2021/1/19 16:15,2021/1/19 21:00,153.9864044,34,281.0130615,15.13310242,55.02610016,,36.68386459,0.611690164,5.862504005,45.51504517,,159.1003571,-0.631578565
2021/1/20 9:54,2021/1/19 16:16,2021/1/19 21:01,153.6773529,33.97604752,281.4372253,14.93055534,55.0220871,,36.68386459,0.611690164,6.049870014,45.43981552,,159.0998077,-0.631578565
2021/1/20 9:55,2021/1/19 16:17,2021/1/19 21:03,154.3293915,33.97604752,281.3203125,15.625,55.02643585,,36.68386459,0.611690164,6.280657768,44.64120483,,158.8405609,-0.631578565
2021/1/20 9:56,2021/1/19 16:18,2021/1/19 21:04,154.3573914,33.97604752,279.9496765,14.81481457,55.03031921,,36.78673553,0.611690164,6.369950771,44.82638931,,158.6433258,-0.631894529
2021/1/20 9:57,2021/1/19 16:19,2021/1/19 21:05,153.5111694,33.97604752,279.6713257,15.42245293,55.02923203,,36.78673553,0.611690164,5.903736115,45.29513931,,158.4442902,-0.631695688
2021/1/20 9:58,2021/1/19 16:20,2021/1/19 21:06,153.8970642,33.97604752,279.0548706,15.1620369,55.02116776,,36.78673553,0.611690164,6.981236935,45.00579071,,158.3394165,-0.632789671
2021/1/20 9:59,2021/1/19 16:21,2021/1/19 21:07,153.9510345,33.97604752,278.3398743,14.98842525,55.01395798,,36.78673553,0.611690164,7.410810947,44.79745483,,158.2425232,-0.634289503
2021/1/20 10:00,2021/1/19 16:22,2021/1/19 21:08,154.2892609,34,278.549469,15.68286991,55.01114273,,36.78673553,0.611690164,8.800441742,45.17361069,,158.2002716,-0.635959685
2021/1/20 10:01,2021/1/19 16:23,2021/1/19 21:09,153.5181122,34,278.776947,15.74073982,55.00862503,,36.78673553,0.611690164,9.225913048,44.8669014,,158.1470642,-0.635544062
2021/1/20 10:02,2021/1/19 16:24,2021/1/19 21:10,154.0865784,34,278.6638794,15.76967525,55.01760101,,36.70618057,0.611690164,8.509017944,44.47916412,,158.1004028,-0.634131849
2021/1/20 10:04,2021/1/19 16:25,2021/1/19 21:12,154.1547546,34,279.5047302,15.01736069,55.02935791,,36.70618057,0.611690164,8.605757713,45.03472137,,158.11026,-0.634974778
2021/1/20 10:05,2021/1/19 16:26,2021/1/19 21:13,153.8491821,34,279.6442566,15.68286991,55.03120041,,36.70618057,0.611690164,10.35293007,44.80902863,,158.0477142,-0.633186996
2021/1/20 10:06,2021/1/19 16:27,2021/1/19 21:14,154.2490387,34,279.7630615,15.76967525,55.04640579,,36.70618057,0.611690164,11.57555008,44.59490967,,157.8979645,-0.633304596
2021/1/20 10:07,2021/1/19 16:28,2021/1/19 21:15,154.0655975,34,280.272522,15.65393543,55.05233765,,36.70618057,0.611690164,11.85128021,45.41666412,,157.6723022,-0.633851528
2021/1/20 10:08,2021/1/19 16:29,2021/1/19 21:16,154.7173767,34,279.8208008,15.21990776,55.05764389,,36.70618057,0.611690164,12.11254025,45.04629517,,157.4927521,-0.634945214
2021/1/20 10:09,2021/1/19 16:30,2021/1/19 21:17,153.9397888,34,279.2301025,14.3807869,55.060112,,36.60691833,0.611690164,12.00387001,44.92477036,,157.3020172,-0.636288345
2021/1/20 10:10,2021/1/19 16:31,2021/1/19 21:18,153.7956085,34,278.7193298,15.59606457,55.06156921,,36.60691833,0.611690164,12.1614399,45.19097137,,157.158432,-0.635977566
2021/1/20 10:11,2021/1/19 16:32,2021/1/19 21:19,153.8148499,34,278.6007385,15.56713009,55.06242371,,36.60691833,0.611690164,12.29862022,44.64699173,,157.0207367,-0.635838747
2021/1/20 10:12,2021/1/19 16:33,2021/1/19 21:21,154.1386719,34,278.606842,15.3067131,55.04740143,,36.60691833,0.611690164,11.99524975,45.61342621,,156.7717743,-0.634400725
2021/1/20 10:13,2021/1/19 16:34,2021/1/19 21:22,153.9661865,34,279.0317078,15.42245293,55.03975677,,36.60691833,0.611690164,12.07164955,45.4919014,,156.6273956,-0.634755671
2021/1/20 10:14,2021/1/19 16:35,2021/1/19 21:23,154.2949219,34,279.7824707,15.76967525,55.0380249,,36.60691833,0.611690164,12.06445026,45.29513931,,156.5378265,-0.635151088
2021/1/20 10:15,2021/1/19 16:36,2021/1/19 21:24,153.8448944,34,278.9309082,15.76967525,55.0229187,,36.55033875,0.611690164,12.27923012,45.47454071,,156.4291077,-0.635347247
2021/1/20 10:16,2021/1/19 16:37,2021/1/19 21:25,154.0074768,34,278.6776733,15.76967525,55.01590729,,36.55033875,0.611690164,12.14352989,45.83911896,,156.3681793,-0.635112882
2021/1/20 10:17,2021/1/19 16:38,2021/1/19 21:26,153.6999817,34,277.8084412,15.625,55.01242447,,36.55033875,0.611690164,12.14006042,45.2893486,,156.3024445,-0.635140657
2021/1/20 10:18,2021/1/19 16:39,2021/1/19 21:27,153.8684692,34,277.0270996,15.53819466,55.00147629,,36.55033875,0.611690164,12.15892982,45.81018448,,156.3009796,-0.635063469
2021/1/20 10:19,2021/1/19 16:40,2021/1/19 21:28,153.6906433,34,276.6745911,14.81481457,55.00085068,,36.55033875,0.611690164,12.12652016,45.30092621,,156.3702087,-0.635727763
2021/1/20 10:21,2021/1/19 16:41,2021/1/19 21:30,154.4416199,34,276.686676,15.65393543,54.97738266,,36.55033875,0.611690164,12.09173012,45.48611069,,156.4839325,-0.633141875
2021/1/20 10:22,2021/1/19 16:42,2021/1/19 21:31,153.7038269,34,276.5293274,15.74073982,54.96357346,,36.64865875,0.611690164,12.04977036,45.15625,,156.4999847,-0.632215738
2021/1/20 10:23,2021/1/19 16:43,2021/1/19 21:32,154.6068115,34,276.8051147,14.84375,54.95426178,,36.64865875,0.611690164,11.89618015,45.28356552,,156.4206238,-0.632254124
2021/1/20 10:24,2021/1/19 16:44,2021/1/19 21:33,153.6845398,34,277.0230408,15.71180534,54.94213104,,36.64865875,0.611690164,10.33176041,45.34722137,,156.3124542,-0.633866549
2021/1/20 10:25,2021/1/19 16:45,2021/1/19 21:34,153.9225311,34,277.9325867,15.76967525,54.9412384,,36.64865875,0.611690164,9.715883255,44.97106552,,156.2018738,-0.632643521
2021/1/20 10:26,2021/1/19 16:46,2021/1/19 21:35,153.9951782,34,278.3089294,15.79861069,54.93569565,,36.64865875,0.611690164,9.282649994,45.36458588,,156.1994171,-0.632850468
2021/1/20 10:27,2021/1/19 16:47,2021/1/19 21:36,153.6522064,34,277.8075562,15.74073982,54.91601181,,36.64865875,0.611690164,9.053602219,45.09838104,,156.3659973,-0.633094728
2021/1/20 10:28,2021/1/19 16:48,2021/1/19 21:37,153.8192749,34,277.7391052,15.74073982,54.9053688,,36.63820648,0.611690164,8.948552132,45.32407379,,156.4878693,-0.632734716
2021/1/20 10:29,2021/1/19 16:49,2021/1/19 21:39,153.9425812,34,278.4513245,15.59606457,54.89909363,,36.63820648,0.611690164,9.00675106,45.23147964,,156.425354,-0.632781208
2021/1/20 11:12,2021/1/19 16:50,2021/1/19 21:40,153.8212433,34,289.6979675,15.42245293,54.90735626,,36.63820648,0.611690164,9.171962738,44.84954071,,156.4006195,-0.63313961
2021/1/20 11:13,2021/1/19 16:51,2021/1/19 21:41,154.0209961,34,289.835907,15.45138931,54.92206192,,36.63820648,0.611690164,9.070062637,44.67592621,,156.4632263,-0.634988427
2021/1/20 11:14,2021/1/19 16:52,2021/1/19 21:42,153.1384735,34,288.9126282,15.39351749,54.93095016,,36.63820648,0.611690164,9.135457993,44.59490967,,156.6123047,-0.636052251
2021/1/20 11:15,2021/1/19 16:53,2021/1/19 21:43,153.9227295,34,289.5258179,15.3067131,54.94291306,,36.63820648,0.611690164,9.301688194,44.89004517,,156.8046112,-0.634378433
2021/1/20 11:16,2021/1/19 16:54,2021/1/19 21:44,154.0626678,34,289.5530396,15.36458302,54.95246887,,36.46513367,0.611690164,9.082156181,45,,156.8952637,-0.634453773
2021/1/20 11:17,2021/1/19 16:55,2021/1/20 16:48,154.1755676,34,289.1657104,15.1620369,54.96678925,,36.46513367,0.611690164,8.977535248,44.95370483,,159.8294373,-0.631560624
2021/1/20 11:18,2021/1/19 16:56,2021/1/20 16:49,154.1967926,34,288.6298828,15.36458302,54.9856987,,36.46513367,0.611690164,7.957223892,44.8669014,,159.7152405,-0.631560624
2021/1/20 11:20,2021/1/19 16:57,2021/1/20 16:51,153.8146057,34,289.5487976,15.45138931,55.03443909,,36.46513367,0.611690164,6.725488186,44.93634033,,159.6034546,-0.631560624
2021/1/20 11:21,2021/1/19 16:58,2021/1/20 16:52,154.1543121,34,289.8882141,15.76967525,55.0523262,,36.46513367,0.611690164,6.455053806,44.78009033,,159.5287018,-0.631560624
2021/1/20 11:22,2021/1/19 16:59,2021/1/20 16:53,154.3699341,34,289.0332947,15.33564758,55.08193207,,36.46513367,0.611690164,6.231833935,45.38772964,,159.4256439,-0.631560624
2021/1/20 11:23,2021/1/19 17:00,2021/1/20 16:54,154.0097351,34,287.6856384,15.71180534,55.10549927,,36.39442062,0.611690164,6.074800014,45.49768448,,159.2812958,-0.631560624
2021/1/20 11:24,2021/1/19 17:01,2021/1/20 16:55,154.3387146,34,287.8262329,15.13310242,55.12656784,,36.39442062,0.611690164,6.034930229,45.50925827,,159.2006226,-0.631482303
2021/1/20 11:25,2021/1/19 17:02,2021/1/20 16:56,153.7060547,34,287.6619873,15.68286991,55.13634872,,36.39442062,0.611690164,5.293325901,45.48611069,,159.1994171,-0.630916178
2021/1/20 11:26,2021/1/19 17:03,2021/1/20 16:57,154.0760193,34,286.7577515,14.95948982,55.14762497,,36.39442062,0.611690164,3.691153049,45.42245483,,159.1994171,-0.631354034
2021/1/20 11:27,2021/1/19 17:04,2021/1/20 16:58,154.3782196,34,286.6972046,15.10416698,55.16352463,,36.39442062,0.611690164,2.505089045,45.51504517,,159.1994171,-0.63149935
2021/1/20 11:28,2021/1/19 17:05,2021/1/20 17:00,154.8542175,34,286.6329041,15.50926018,55.178936,,36.39442062,0.611690164,2.601486921,45.35879517,,159.1030121,-0.631203234
2021/1/20 11:29,2021/1/19 17:06,2021/1/20 17:01,154.0486908,34,285.9502869,15.07523251,55.20055008,,36.40193176,0.611690164,2.685667038,45.89120483,,159.0061035,-0.631477952
2021/1/20 11:30,2021/1/19 17:07,2021/1/20 17:02,153.9766693,34,285.8118591,15.76967525,55.22312546,,36.40193176,0.611690164,3.039767027,45.27199173,,158.9150848,-0.631544352
2021/1/20 11:31,2021/1/19 17:08,2021/1/20 17:03,153.7222443,34,284.223877,15.07523251,55.24802399,,36.40193176,0.611690164,3.016520977,45.23727036,,158.704895,-0.631566405
2021/1/20 11:32,2021/1/19 17:09,2021/1/20 17:04,153.9638824,34,283.097168,14.81481457,55.26521301,,36.40193176,0.611690164,3.007941008,45.53819656,,158.4345856,-0.631566584
2021/1/20 11:33,2021/1/19 17:10,2021/1/20 17:05,153.8523102,34,281.6610107,15.71180534,55.27550125,,36.40193176,0.611690164,3.171422958,45.24305344,,158.3147888,-0.631566584
2021/1/20 11:34,2021/1/19 17:11,2021/1/20 17:06,153.97435,34,280.3310547,15.50926018,55.29019928,,36.40193176,0.611690164,2.864439011,45.50925827,,158.3009796,-0.631566584
2021/1/20 11:35,2021/1/19 17:12,2021/1/20 17:07,153.7552948,34,279.4470215,15.625,55.3117981,,36.40014648,0.611690164,3.280972004,45.37615967,,158.3876495,-0.631566584
2021/1/20 11:37,2021/1/19 17:13,2021/1/20 17:09,153.9365997,34,278.3658142,15.42245293,55.33436203,,36.40014648,0.611690164,3.186698914,45.65393448,,158.3003387,-0.631566584
2021/1/20 11:38,2021/1/19 17:14,2021/1/20 17:10,154.1647949,34,278.2690125,14.93055534,55.32170105,,36.40014648,0.611690164,3.220416069,45.26041412,,158.2055206,-0.631566584
2021/1/20 11:39,2021/1/19 17:15,2021/1/20 17:11,153.7881622,34,278.0914307,15.24884224,55.32266998,,36.40014648,0.611690164,3.296000004,45.15045929,,158.0568237,-0.631566584
2021/1/20 11:40,2021/1/19 17:16,2021/1/20 17:12,153.3220367,34,277.4296875,15.50926018,55.31531143,,36.40014648,0.611690164,3.859174013,44.82638931,,157.8604431,-0.631566584
2021/1/20 11:41,2021/1/19 17:17,2021/1/20 17:13,154.0171967,34,276.946106,15.91435242,55.30586243,,36.40014648,0.611690164,3.218029976,44.89004517,,157.6348419,-0.631566584
2021/1/20 11:42,2021/1/19 17:18,2021/1/20 17:14,153.7084198,34,276.6325073,15.68286991,55.3021698,,36.36832047,0.611690164,2.903008938,44.97106552,,157.5037537,-0.631566584
2021/1/20 11:43,2021/1/19 17:19,2021/1/20 17:15,153.548996,34,276.3517456,16.00115776,55.2988739,,36.36832047,0.611690164,2.865385056,45.06365967,,157.5001984,-0.631566584
2021/1/20 11:44,2021/1/19 17:20,2021/1/20 17:16,153.9398499,34,275.6768188,15.88541698,55.29184341,,36.36832047,0.611690164,2.875288963,45.05786896,,157.5001984,-0.631566584
2021/1/20 11:45,2021/1/19 17:21,2021/1/20 17:18,153.4828186,34,276.2410278,15.1620369,55.28423691,,36.36832047,0.611690164,2.977370977,44.9768486,,157.2670441,-0.631566584
2021/1/20 11:46,2021/1/19 17:22,2021/1/20 17:19,153.9596252,34,276.8787537,15.45138931,55.27875137,,36.36832047,0.611690164,2.886291981,44.91319656,,157.0679169,-0.631566584
2021/1/20 11:47,2021/1/19 17:23,2021/1/20 17:20,153.9500427,34,277.1277161,15.01736069,55.27443695,,36.36832047,0.611690164,3.152729988,44.95949173,,156.83638,-0.631566584
2021/1/20 11:48,2021/1/19 17:24,2021/1/20 17:21,153.8345795,34,277.4864502,16.0879631,55.27057648,,36.35775375,0.611690164,3.687903881,45.39930344,,156.8017273,-0.631566584
2021/1/20 11:49,2021/1/19 17:25,2021/1/20 17:22,155.0511932,34,277.5315247,15.85648251,55.26906967,,36.35775375,0.611690164,3.357508898,45.46875,,156.8009796,-0.631566584
2021/1/20 11:50,2021/1/19 17:26,2021/1/20 17:23,154.2614136,34,277.6798401,15.88541698,55.25416183,,36.35775375,0.611690164,2.395807028,44.7106514,,156.8009796,-0.631566584
2021/1/20 11:51,2021/1/19 17:27,2021/1/20 17:24,153.8260498,34,277.6755066,16.0879631,55.2472496,,36.35775375,0.611690164,2.076555014,44.65277863,,156.8009796,-0.631566584
2021/1/20 11:52,2021/1/19 17:28,2021/1/20 17:25,153.56604,34,277.8218384,16.00115776,55.23386765,,36.35775375,0.611690164,2.811563969,45.46295929,,156.729599,-0.631566584
2021/1/20 10:31,2021/1/19 17:29,2021/1/20 17:27,154.3065491,34,279.90625,15.76967525,54.89355087,,36.35775375,0.611690164,3.196501017,44.78009033,,156.5134125,-0.627739131
2021/1/20 10:32,2021/1/19 17:30,2021/1/20 17:28,154.0199127,34,280.5975647,15.76967525,54.89190674,,36.24086761,0.611690164,3.150058985,45.35879517,,156.3991547,-0.62980926
2021/1/22 9:17,2021/1/22 11:03,2021/1/22 15:27,192.2485809,32,275.9407959,16.60879707,54.99414825,,32,293.3043823,-7.500185013,44.39236069,,159.2658691,-0.618437052
2021/1/22 9:19,2021/1/22 11:05,2021/1/22 15:29,192.0756531,32,276.4361572,15.88541698,54.98288727,,32,291.4815063,4.842907906,44.76272964,,159.4920044,-0.618437052
2021/1/22 9:20,2021/1/22 11:06,2021/1/22 15:30,192.5552521,32,276.4030762,17.01388931,54.97010803,,32,289.6328735,11.81836987,44.29397964,,159.5161285,-0.618437052
2021/1/22 9:21,2021/1/22 11:07,2021/1/22 15:31,192.4254456,32,276.6051025,16.57986069,54.95463181,,32,288.5014954,5.563344955,44.23032379,,159.6607513,-0.618437052
2021/1/22 9:22,2021/1/22 11:08,2021/1/22 15:32,192.6542664,32,277.6165771,16.84027672,54.93793106,,32,287.8670654,4.56229496,44.31713104,,159.8325348,-0.618437052
2021/1/22 9:23,2021/1/22 11:09,2021/1/22 15:33,192.3106842,32,277.9074707,16.8692131,54.91943741,,32,287.3358459,4.162282944,44.48495483,,160.0761566,-0.618437052
2021/1/22 9:24,2021/1/22 11:10,2021/1/22 15:34,192.37677,32,278.4041748,16.23263931,54.8915329,,32,286.8365784,3.912703991,44.24768448,,160.2440338,-0.618437052
2021/1/22 9:26,2021/1/22 11:11,2021/1/22 15:36,192.6711884,32,280.8609619,16.00115776,54.83552551,,32,286.5862427,3.276612043,44.20138931,,160.3899078,-0.618437052
2021/1/22 9:27,2021/1/22 11:12,2021/1/22 15:37,192.7006531,32,281.0943604,16.46412086,54.8068428,,32,286.4123535,3.014626026,44.02777863,,160.4002075,-0.618437052
2021/1/22 9:28,2021/1/22 11:13,2021/1/22 15:38,192.1212921,32,281.758606,16.55092621,54.79351425,,32,286.6321411,2.871093035,44.51967621,,160.4003906,-0.618437052
2021/1/22 9:29,2021/1/22 11:14,2021/1/22 15:39,192.6970215,32,282.4177246,16.43518448,54.78564835,,32,286.9720154,3.956712008,44.2419014,,160.4003906,-0.618437052
2021/1/22 9:30,2021/1/22 11:15,2021/1/22 15:40,192.7215576,32,283.2850342,16.43518448,54.76916122,,32,286.85849,3.587757111,44.53125,,160.4677582,-0.618437052
2021/1/22 9:32,2021/1/22 11:17,2021/1/22 15:42,192.0318146,32,285.8326416,16.52198982,54.75194931,,32,286.4346619,3.649677992,44.79745483,,160.6931305,-0.618437052
2021/1/22 9:33,2021/1/22 11:18,2021/1/22 15:43,192.9234314,32,286.8186646,16.05902672,54.7441864,,32,286.352356,3.71686697,44.80902863,,160.8308563,-0.618437052
2021/1/22 9:34,2021/1/22 11:19,2021/1/22 15:45,192.7955933,32,287.0628967,16.03009224,54.71549988,,32,285.7607422,4.608026981,44.65277863,,160.9002686,-0.618437052
2021/1/22 9:35,2021/1/22 11:20,2021/1/22 15:46,192.7736359,32,288.3043518,16.0879631,54.69218063,,32,285.2969666,2.485733986,44.8205986,,160.9002686,-0.618437052
2021/1/22 16:24,2021/1/22 12:03,2021/1/22 16:34,192.1581879,31.87690544,300.3789673,16.49305534,54.92233276,,32,277.5966187,-7.944416046,44.33449173,,158.7215271,-0.618437052
2021/1/22 16:26,2021/1/22 12:05,2021/1/22 16:36,192.4885101,31.87690544,301.2176208,15.91435242,54.93787003,,32,279.2854919,5.858878136,44.41550827,,158.6229095,-0.618437052
2021/1/22 16:27,2021/1/22 12:06,2021/1/22 16:37,192.3548279,31.87690544,301.511322,16.49305534,54.94257355,,32,279.4189453,9.784384727,44.48495483,,158.5051727,-0.618437052
2021/1/22 16:28,2021/1/22 12:07,2021/1/23 8:29,193.0969696,31.87690544,301.9701843,16.00115776,54.94476318,,32,279.4619141,5.55151701,44.48495483,,164.5994263,12.06303501
2021/1/22 16:29,2021/1/22 12:08,2021/1/23 8:30,192.5996552,31.87690544,302.0636292,15.76967525,54.94604874,,32,280.3616028,5.083330154,44.42129517,,164.5471649,12.05360413
2021/1/22 16:30,2021/1/22 12:09,2021/1/23 8:31,192.231369,31.85656548,301.4232788,16.17476845,54.94681168,,32,281.3937073,4.490653038,44.36920929,,164.5010223,12.01490688
2021/1/22 16:31,2021/1/22 12:10,2021/1/23 8:32,191.5935974,31.85656548,300.7955322,15.91435242,54.93987656,,32,282.0289612,3.727314949,44.90161896,,164.558609,11.9827776
2021/1/22 16:32,2021/1/22 12:11,2021/1/23 8:33,192.1999664,31.85656548,300.9204407,15.71180534,54.93576813,,32,283.7940674,3.831504107,44.80324173,,164.6362762,12.04385471
2021/1/22 16:33,2021/1/22 12:12,2021/1/23 8:34,193.0491791,31.85656548,299.9815063,16.00115776,54.92504883,,32,285.7217407,3.59632206,44.8669014,,164.6967163,12.04706669
2021/1/22 16:35,2021/1/22 12:14,2021/1/23 8:36,192.545105,31.85656548,300.4887085,16.63773155,54.91963577,,32,290.1713257,5.057156086,44.82638931,,164.5914612,11.95998001
2021/1/22 16:37,2021/1/22 12:15,2021/1/23 8:38,192.0936432,31.84446335,300.9059143,16.14583206,54.93804932,,32,291.6547241,4.899324894,44.76852036,,164.3395386,11.97172356
2021/1/22 16:38,2021/1/22 12:16,2021/1/23 8:39,192.3289642,31.84446335,301.0011902,16.31944466,54.9414444,,32,292.7174683,5.084157944,44.91319656,,164.2248993,11.94934273
2021/1/22 16:39,2021/1/22 12:17,2021/1/23 8:40,192.5268555,31.84446335,300.6360474,16.69560242,54.94447327,,32,293.7670898,5.635001183,44.69907379,,164.177948,11.99740505
2021/1/22 16:40,2021/1/22 12:18,2021/1/23 8:41,192.6443481,31.84446335,299.7540283,16.89814758,54.95560455,,32,295.5577698,6.105407238,44.53704071,,164.1017914,12.06956196
2021/1/22 16:41,2021/1/22 12:19,2021/1/23 8:42,192.3890076,31.84446335,299.914093,17.33217621,54.96095657,,32,297.2129517,6.757411003,44.62384033,,164.0143433,12.0772028
2021/1/22 16:42,2021/1/22 12:20,2021/1/23 8:43,192.2822876,31.98720551,300.3232727,17.12962914,54.96746826,,32,298.2833862,5.986474991,44.89004517,,163.8858337,12.0033226
2021/1/22 16:43,2021/1/22 12:21,2021/1/23 8:44,192.0366974,31.98720551,300.3604126,17.41898155,54.98065186,,32,298.737793,5.580269814,44.95949173,,163.7271271,11.98358631
2021/1/22 16:44,2021/1/22 12:22,2021/1/23 8:45,192.5104065,31.98720551,300.4999084,17.12962914,54.99242401,,32,298.9528503,5.819913864,44.46759033,,163.5357513,12.02579594
2021/1/22 16:45,2021/1/22 12:23,2021/1/23 8:47,192.3191071,31.98720551,300.5257568,16.69560242,54.99701691,,32,300.4577942,6.141673088,44.29977036,,163.2534332,12.12457657
2021/1/22 16:46,2021/1/22 12:24,2021/1/23 8:48,192.1637573,31.98720551,300.903717,16.37731552,55.00113297,,32,300.782196,5.986051083,44.1955986,,163.1773834,12.09840202
2021/1/22 16:47,2021/1/22 12:25,2021/1/23 8:49,192.643158,31.98720551,301.5730591,15.71180534,55.01298904,,32,300.5982666,5.931908131,43.98147964,,163.1041107,12.07486916
2021/1/22 16:48,2021/1/22 12:26,2021/1/23 8:50,192.6834106,31.92168045,301.8524475,16.84027672,55.02188873,,32,301.0992126,5.938196182,44.05092621,,163.0998077,12.17473316
2021/1/22 16:49,2021/1/22 18:11,2021/1/23 8:51,192.7435303,31.92168045,302.240448,15.79861069,55.03214264,,31.77479744,288.0914001,2.633074999,45.00579071,,163.1882782,12.25908947
2021/1/22 16:50,2021/1/22 18:12,2021/1/23 8:52,192.2531281,31.92168045,302.5063782,16.37731552,55.04505157,,31.88282776,287.9560242,2.945700884,44.62963104,,163.2498474,12.26230335
2021/1/22 16:51,2021/1/22 18:13,2021/1/23 8:53,192.5883942,31.92168045,302.0933533,17.39004707,55.05266953,,31.88282776,287.9082642,3.033639908,44.80902863,,163.3191986,12.20928097
2021/1/22 17:19,2021/1/22 18:39,2021/1/23 9:23,192.0046844,31.84339905,289.4922791,15.82754707,55.067276,,31.61696053,288.4277649,-2.675832987,45.0231514,,165.1999969,11.89864159
2021/1/22 17:20,2021/1/22 18:40,2021/1/23 9:24,191.9714661,31.84339905,289.5012817,16.14583206,55.04688644,,31.61696053,288.2015686,-5.645689011,45.04629517,,165.3100433,11.91255951
2021/1/22 17:21,2021/1/22 18:41,2021/1/23 9:25,192.0834961,31.84339905,289.4375916,16.52198982,55.04270172,,31.61696053,288.8631287,3.165687084,45.37615967,,165.408432,11.94951534
2021/1/22 17:22,2021/1/22 18:42,2021/1/23 9:26,192.6483307,31.84339905,289.5946655,16.31944466,55.03112411,,31.6999054,288.9152222,11.83318996,45.15045929,,165.4981689,11.9709053
2021/1/22 17:23,2021/1/22 18:43,2021/1/23 9:27,191.4617004,31.84339905,289.6502991,16.37731552,55.02241135,,31.6999054,288.6822815,5.951794147,45.02893448,,165.4268341,12.02040482
2021/1/22 17:24,2021/1/22 18:44,2021/1/23 9:28,192.8245087,31.69183159,289.6152039,16.46412086,54.99988174,,31.6999054,289.864624,3.697108984,45.48611069,,165.3137054,12.05258846
2021/1/22 17:25,2021/1/22 18:45,2021/1/23 9:29,192.1287689,31.69183159,290.6937256,16.0879631,54.97860718,,31.6999054,291.619751,5.031709194,45.14467621,,165.1743622,12.06159592
2021/1/22 17:26,2021/1/22 18:46,2021/1/23 9:30,192.175354,31.69183159,291.4976196,16.49305534,54.96603775,,31.6999054,290.8331604,5.407751083,45.32986069,,164.9925842,12.05429935
2021/1/22 17:28,2021/1/22 18:47,2021/1/23 9:32,192.0466766,31.69183159,291.2461853,16.46412086,54.95282364,,31.6999054,291.2028198,5.873643875,45.40509033,,164.8030396,11.97071362
2021/1/22 17:29,2021/1/22 18:48,2021/1/23 9:33,192.6992188,31.69183159,291.9593506,15.82754707,54.94873047,,31.73097229,291.204834,5.66597414,45.08680344,,164.8018341,11.95043755
2021/1/22 17:30,2021/1/22 18:49,2021/1/23 9:34,192.7021942,31.87822914,291.9347229,16.43518448,54.94844818,,31.73097229,291.1820068,6.050682068,45.0231514,,164.8018341,11.88749409
2021/1/22 17:31,2021/1/22 18:50,2021/1/23 9:35,192.6969147,31.87822914,292.0687561,16.52198982,54.96004486,,31.73097229,290.3756104,6.050628185,45.15625,,164.8018341,11.88093185
2021/1/22 17:32,2021/1/22 18:51,2021/1/23 9:36,192.2086792,31.87822914,291.5415955,16.37731552,54.96693039,,31.73097229,290.1526794,7.54014492,45.18518448,,164.7126617,11.89779091
2021/1/22 17:33,2021/1/22 18:52,2021/1/23 9:37,192.5888214,31.87822914,290.3638,16.55092621,54.96773911,,31.73097229,290.4396362,8.510780334,45.43402863,,164.666687,11.92985821
2021/1/22 17:34,2021/1/22 18:53,2021/1/23 9:38,192.5036469,31.87822914,290.4754944,16.49305534,54.97200012,,31.73097229,290.2332764,8.520195961,44.27083588,,164.6665955,12.0124712
2021/1/22 17:35,2021/1/22 18:54,2021/1/23 9:39,192.5500641,31.87822914,290.4993591,16.75347328,54.98150635,,31.90631676,290.6273804,8.356245995,44.46180344,,164.7767944,12.05033493
2021/1/22 17:36,2021/1/22 18:55,2021/1/23 9:41,192.5158691,31.87898636,291.3797607,16.05902672,54.9850502,,31.90631676,289.7961426,8.674183846,44.52545929,,164.9919281,12.10109138
2021/1/22 17:37,2021/1/22 18:56,2021/1/23 9:42,192.56987,31.87898636,291.6202087,16.46412086,54.99062347,,31.90631676,288.8922119,9.121870995,44.54861069,,164.9177856,12.12364101
2021/1/22 17:38,2021/1/22 18:57,2021/1/23 9:43,192.4396057,31.87898636,293.4552002,16.05902672,55.00938797,,31.90631676,288.4579773,9.009840012,44.78009033,,164.8275909,12.13005066
2021/1/22 17:39,2021/1/22 18:58,2021/1/23 9:44,192.1156006,31.87898636,293.8935242,15.79861069,55.01975632,,31.90631676,288.1588135,8.985990524,44.58911896,,164.7977905,12.14545727
2021/1/22 17:40,2021/1/22 18:59,2021/1/23 9:45,192.4857941,31.87898636,293.6795044,15.56713009,55.02588272,,31.90631676,287.4104919,9.089958191,44.57754517,,164.7149963,12.08761311
2021/1/22 17:41,2021/1/22 19:00,2021/1/23 9:46,192.724823,31.87898636,292.37323,16.03009224,55.04284286,,31.7948761,287.2099304,9.0069561,44.50231552,,164.8291931,12.03971767
2021/1/22 17:42,2021/1/22 19:01,2021/1/23 9:47,192.3798981,31.75900459,291.3510437,15.9432869,55.05995178,,31.7948761,287.8661804,9.169075966,44.53125,,164.9828186,12.01568794
2021/1/22 17:43,2021/1/22 19:02,2021/1/23 9:48,192.68396,31.75900459,290.6782227,15.45138931,55.07123566,,31.7948761,288.2589722,9.164170265,44.43865967,,165.0915222,12.02135468
2021/1/22 17:45,2021/1/22 19:03,2021/1/23 9:50,192.5384369,31.75900459,289.0357361,16.0879631,55.10532379,,31.7948761,288.5409241,8.990594864,44.87847137,,165.1989899,11.92166042
2021/1/22 17:46,2021/1/22 19:04,2021/1/23 9:51,192.5930939,31.75900459,288.0065002,15.625,55.1316452,,31.7948761,289.195282,9.100207329,44.81481552,,165.1260529,11.91145134
2021/1/22 17:47,2021/1/22 19:05,2021/1/23 9:52,192.8811035,31.75900459,287.6477661,15.79861069,55.13935089,,31.7948761,289.6315308,9.172948837,44.88425827,,165.1005402,11.94393826
2021/1/22 17:48,2021/1/22 19:06,2021/1/23 9:53,192.2837524,31.7712574,287.8709412,16.03009224,55.15363693,,31.69819832,290.3269043,9.056428909,45.21411896,,165.1005402,11.96375084
2021/1/22 17:49,2021/1/22 19:07,2021/1/23 9:54,192.2416382,31.7712574,288.1799927,16.34837914,55.1595993,,31.69819832,290.8269653,9.047796249,45.19675827,,165.1005402,11.93185043
2021/1/22 17:50,2021/1/22 19:08,2021/1/23 9:55,192.7093353,31.7712574,288.0674438,16.23263931,55.16887665,,31.69819832,291.1932068,9.181674957,45.42245483,,165.1887054,11.88969421
2021/1/22 17:51,2021/1/22 19:09,2021/1/23 9:56,192.8425751,31.7712574,288.1755066,16.34837914,55.17317963,,31.69819832,291.9776306,7.85880518,45.46295929,,165.2792511,11.89600563
2021/1/22 17:52,2021/1/22 19:10,2021/1/23 9:57,192.2418823,31.7712574,288.6957703,15.85648251,55.1782074,,31.69819832,292.7457581,7.133344173,45.35879517,,165.3006439,11.92414093
2021/1/22 17:53,2021/1/22 19:11,2021/1/23 9:59,192.5528564,31.7712574,288.3572388,16.20370293,55.19232559,,31.69819832,293.4652405,6.460457802,45.24305344,,165.0570068,11.9304142
2021/1/22 17:54,2021/1/22 19:12,2021/1/23 10:00,192.3911438,31.83250809,288.6565552,16.37731552,55.19782639,,31.70569611,294.0108948,6.245047092,45.11574173,,165.002182,11.91450024
2021/1/22 17:55,2021/1/22 19:13,2021/1/23 10:01,192.6325684,31.83250809,288.8287964,16.03009224,55.21229553,,31.70569611,293.9122009,6.215567112,45.34143448,,165.0009308,11.87714386
2021/1/22 17:56,2021/1/22 19:14,2021/1/23 10:02,192.8607941,31.83250809,288.6982422,15.85648251,55.22088242,,31.70569611,294.5700073,6.222002029,45.34722137,,165.0852509,11.93247509
2021/1/22 17:57,2021/1/22 19:15,2021/1/23 10:03,192.6866302,31.83250809,288.2418823,16.52198982,55.23045731,,31.70569611,294.1706543,6.206983089,45.06365967,,165.0993805,12.02449131
2021/1/22 17:58,2021/1/22 19:16,2021/1/23 10:04,192.1806946,31.83250809,287.6972351,16.37731552,55.23324203,,31.70569611,294.7906189,6.145146847,45.39930344,,165.0162048,12.01380157
2021/1/22 17:59,2021/1/22 19:17,2021/1/23 10:05,192.7115631,31.83250809,286.8068237,16.34837914,55.23488617,,31.70569611,294.128479,6.018163204,44.90740967,,164.8782806,12.04694748
2021/1/22 18:00,2021/1/22 19:18,2021/1/23 10:06,192.0722504,31.73680496,286.0596008,16.95601845,55.25130463,,31.74100876,293.0470581,6.157640934,44.98842621,,164.7084045,12.01971149
2021/1/22 18:02,2021/1/22 19:19,2021/1/23 10:08,192.2666779,31.73680496,285.8750305,16.11689758,55.27985764,,31.74100876,292.7994385,6.028986931,45.41088104,,164.6294861,11.9318285
2021/1/22 18:03,2021/1/22 19:20,2021/1/23 10:09,192.421463,31.73680496,286.5607605,15.88541698,55.28061295,,31.74100876,292.6705322,6.022667885,45.42245483,,164.6682281,11.90055561
2021/1/22 18:04,2021/1/22 19:21,2021/1/23 10:10,192.6592407,31.73680496,286.8050232,16.03009224,55.27471161,,31.74100876,291.5922241,5.9482131,44.98263931,,164.6015167,11.96083355
2021/1/22 18:05,2021/1/22 19:22,2021/1/23 10:11,192.6787109,31.73680496,287.1333618,16.29051018,55.27672577,,31.74100876,291.1703796,6.058539867,44.90740967,,164.6005402,12.00549603
2021/1/22 18:06,2021/1/22 19:23,2021/1/23 10:12,192.8579102,31.77479744,288.4227905,16.29051018,55.28425598,,31.74100876,291.2660217,6.128623009,45.19097137,,164.6005402,11.98712063
2021/1/22 18:07,2021/1/22 19:24,2021/1/23 10:13,192.75383,31.77479744,289.3397217,16.0879631,55.28871155,,31.71638298,291.5535583,6.181383133,44.54282379,,164.6005402,11.92472935
2021/1/22 18:08,2021/1/22 19:25,2021/1/23 10:14,192.3856812,31.77479744,288.7036743,16.11689758,55.29826736,,31.71638298,291.8781128,6.17732811,44.61805344,,164.6005402,11.95963192
2021/1/22 18:09,2021/1/22 19:26,2021/1/23 10:15,192.116745,31.77479744,288.2106018,16.11689758,55.30085754,,31.71638298,291.7593994,6.11007309,44.53125,,164.619812,12.03523445
2021/1/22 18:10,2021/1/22 19:27,2021/1/23 10:17,192.7200623,31.77479744,288.471283,15.82754707,55.30041122,,31.71638298,292.346344,6.099750042,44.91897964,,164.6989899,12.07796288
2021/1/25 10:29,2021/1/22 19:28,2021/1/23 10:18,0.115740761,0,0.611689329,18.11342621,38.41118622,,31.71638298,292.6080933,6.2365942,45,,164.8496246,12.07383156
2021/1/25 10:30,2021/1/22 19:29,2021/1/23 10:19,0.115740761,0,0.611689329,18.08448982,38.40932465,,31.71638298,293.1153259,6.128718853,45.21990967,,164.9940491,12.05787277
2021/1/25 10:31,2021/1/22 19:30,2021/1/23 10:20,0.115740761,0,0.611689329,18.11342621,38.40977097,,31.75393105,293.5457458,6.000362873,44.74536896,,165.1757355,11.98281479
2021/1/25 10:32,2021/1/22 19:31,2021/1/23 10:21,0.115740761,0,0.611689329,18.08448982,38.40537643,,31.75393105,294.4576721,6.117083073,45.01157379,,165.2901154,11.98606205
2021/1/25 10:33,2021/1/22 19:32,2021/1/23 10:22,0.115740761,0,0.611689329,18.17129707,38.4014473,,31.75393105,294.939209,5.873847008,44.98842621,,165.3005524,12.02684307
2021/1/25 10:34,2021/1/22 19:33,2021/1/23 10:23,0.115740761,0,0.611689329,18.11342621,38.39962006,,31.75393105,295.1749268,5.893268108,45.47454071,,165.3005524,12.09052658
2021/1/25 10:35,2021/1/22 19:34,2021/1/23 10:24,0.115740761,0,0.611689329,18.11342621,38.39854431,,31.75393105,295.5381165,5.991466999,45.1794014,,165.3005524,12.10794735
2021/1/25 10:37,2021/1/22 19:35,2021/1/23 10:26,0.115740761,0,0.611689329,18.14236069,38.37041473,,31.75393105,295.8170166,5.929957867,45.19097137,,165.3947449,12.01112556
2021/1/25 10:38,2021/1/22 19:36,2021/1/23 10:27,0.115740761,0,0.611689329,18.11342621,38.35760117,,31.62168121,295.9678955,6.037000179,45.51504517,,165.3108521,11.89759445
2021/1/25 10:39,2021/1/22 19:37,2021/1/23 10:28,0.115740761,0,0.611689329,18.17129707,38.35003281,,31.62168121,296.188385,5.951942921,45.49768448,,165.1900635,11.89120579
2021/1/25 10:40,2021/1/22 19:38,2021/1/23 10:29,0.115740761,0,0.611689329,18.20023155,38.33772278,,31.62168121,296.1404724,6.08979702,45.26620483,,164.993103,11.99103451
2021/1/25 10:41,2021/1/22 19:39,2021/1/23 10:30,0.115740761,0,0.611689329,18.08448982,38.3282547,,31.62168121,295.7731628,5.15638113,45.76967621,,164.9025726,11.97986794
2021/1/25 10:42,2021/1/22 19:40,2021/1/23 10:31,0.115740761,0,0.611689329,18.08448982,38.31978226,,31.62168121,295.3847046,4.315483093,45.38194656,,164.9013214,11.97608376
2021/1/25 10:43,2021/1/22 19:41,2021/1/23 10:32,0.115740761,0,0.611689329,18.14236069,38.31035233,,31.62168121,295.5986938,3.886619091,45.48611069,,164.8853455,11.94269276
2021/1/25 10:44,2021/1/22 19:42,2021/1/23 10:33,0.115740761,0,0.611689329,18.08448982,38.30584335,,31.53357506,295.2712708,2.933670044,45.59027863,,164.806366,11.9958477
2021/1/25 10:45,2021/1/22 19:43,2021/1/23 10:35,0.115740761,0,0.611689329,18.14236069,38.30787659,,31.53357506,295.7017212,3.376619101,45.29513931,,164.7266083,12.05704403
2021/1/25 10:46,2021/1/22 19:44,2021/1/23 10:36,0.115740761,0,0.611689329,18.11342621,38.30332184,,31.53357506,296.3750305,2.655064106,45.38194656,,164.838501,12.01159763
